age,grade,gender,sleep_hours,screen_time,academic_load,stress_level,physical_activity_minutes,social_interaction_level,attendance_percentage,mood_level,risk_level
16,11,Male,6.1,4.8,3,9.7,39,1,81.8,Low,Moderate
17,11,Female,6.7,2.4,4,10.0,31,1,85.1,Low,Moderate
15,11,Male,4.9,3.3,5,9.7,25,1,88.0,Low,Moderate
17,11,Female,5.3,3.2,1,5.7,1,5,87.8,Neutral,Low
17,11,Male,7.9,5.4,2,5.1,25,4,92.5,Neutral,Low
14,8,Male,5.7,5.1,1,7.0,29,1,75.9,Low,Moderate
15,11,Male,5.2,3.7,4,10.0,43,2,90.0,Low,Moderate
15,8,Male,7.1,5.3,3,8.4,79,5,86.3,Low,Moderate
15,11,Female,7.9,4.0,2,1.8,27,3,83.0,Good,Low
17,10,Male,7.4,4.5,4,4.8,19,4,83.5,Neutral,Low
16,9,Female,7.7,8.0,4,10.0,25,4,86.7,Low,Moderate
15,8,Male,5.6,7.4,4,10.0,43,2,66.4,Low,High
17,11,Male,4.8,2.7,2,8.5,51,3,83.8,Low,Moderate
14,10,Male,8.3,6.5,2,8.6,54,3,82.7,Low,Moderate
16,9,Female,6.1,6.5,5,10.0,56,5,91.2,Low,Moderate
14,8,Male,6.2,2.9,5,9.6,59,4,83.2,Low,Moderate
16,9,Female,8.1,6.5,1,5.9,34,1,86.7,Neutral,Moderate
17,10,Female,7.2,7.8,2,8.5,81,2,97.3,Low,Moderate
13,8,Female,7.0,3.0,2,5.8,32,2,94.0,Neutral,Low
16,9,Female,9.0,3.3,2,8.4,42,2,93.4,Low,Low
14,11,Female,5.7,6.8,5,10.0,65,2,85.0,Low,Moderate
17,8,Female,7.6,5.5,4,5.8,51,1,91.3,Neutral,Low
16,9,Female,6.6,6.0,3,9.2,0,1,86.6,Low,Moderate
13,10,Female,6.8,5.6,5,8.4,40,5,86.8,Low,Moderate
13,10,Female,8.3,5.7,2,8.6,57,4,90.5,Low,Moderate
15,8,Male,7.1,2.6,5,10.0,13,1,84.4,Low,Moderate
15,9,Male,7.1,6.9,1,3.9,55,5,97.0,Good,Low
14,8,Male,7.8,7.1,2,6.8,47,3,87.0,Neutral,Moderate
16,8,Male,6.1,4.6,1,3.3,63,4,91.7,Good,Low
16,9,Male,5.5,4.9,2,9.5,26,1,96.7,Low,Moderate
15,9,Female,5.2,2.2,5,10.0,59,3,94.2,Low,Moderate
16,11,Female,4.1,5.9,4,10.0,43,5,79.5,Low,Moderate
16,9,Female,9.0,6.0,3,9.6,75,1,90.7,Low,Moderate
13,10,Female,5.2,4.9,1,2.9,95,1,93.1,Good,Low
15,8,Female,6.2,7.0,5,10.0,70,3,93.4,Low,Moderate
17,8,Female,6.2,4.4,4,5.7,49,1,81.3,Neutral,Moderate
15,10,Female,6.9,6.0,5,10.0,86,2,84.1,Low,Moderate
17,9,Male,7.5,3.2,1,7.1,52,1,94.0,Low,Low
13,10,Male,7.5,5.0,3,6.5,21,4,83.4,Neutral,Low
14,10,Male,5.8,4.7,5,10.0,39,3,86.2,Low,Moderate
16,11,Male,6.3,5.4,2,6.3,55,4,97.5,Neutral,Low
13,10,Female,6.8,4.3,4,10.0,56,5,87.7,Low,Moderate
16,8,Female,6.2,4.8,5,10.0,17,4,83.6,Low,Moderate
14,10,Female,8.4,6.5,4,3.8,18,2,82.7,Good,Low
14,8,Male,7.1,4.2,2,8.3,33,2,90.0,Low,Moderate
13,8,Female,7.4,2.1,3,7.8,50,4,80.0,Low,Low
14,8,Female,7.3,8.1,3,4.3,53,5,86.5,Neutral,Low
17,9,Female,7.9,7.5,2,6.2,42,1,90.0,Neutral,Moderate
14,11,Male,6.7,2.7,4,7.2,23,2,95.8,Low,Low
16,8,Female,4.9,6.2,5,9.7,74,4,92.0,Low,Moderate
16,8,Male,7.0,4.1,2,6.6,18,4,83.7,Neutral,Low
16,9,Male,5.7,5.5,1,6.5,66,4,95.1,Neutral,Low
16,8,Male,5.9,5.5,4,10.0,54,1,86.2,Low,Moderate
17,10,Male,7.2,4.6,3,9.1,65,3,80.6,Low,Moderate
15,10,Female,8.0,3.6,2,5.9,31,5,87.0,Neutral,Low
13,11,Male,6.5,3.8,3,7.7,37,3,96.6,Low,Low
16,8,Male,6.9,3.4,4,10.0,41,5,89.0,Low,Moderate
14,9,Female,8.5,3.5,3,6.7,30,5,88.1,Neutral,Low
16,10,Female,6.8,4.9,2,6.0,44,4,97.8,Neutral,Low
14,9,Male,9.0,3.7,4,9.6,71,2,79.4,Low,Moderate
14,9,Female,7.2,6.2,1,7.2,14,4,80.3,Low,Moderate
16,10,Male,4.4,7.7,2,9.2,26,1,78.3,Low,High
17,9,Male,7.4,4.0,5,10.0,24,5,90.2,Low,Moderate
14,10,Male,7.0,5.4,2,7.4,38,2,89.0,Low,Moderate
14,9,Male,8.0,5.9,4,10.0,37,5,97.3,Low,Moderate
16,10,Female,7.3,5.8,2,10.0,55,5,89.5,Low,Moderate
14,8,Male,6.3,5.1,1,2.8,40,4,85.6,Good,Low
14,11,Female,5.0,6.3,1,5.2,46,2,88.0,Neutral,Moderate
16,10,Female,6.2,5.9,5,9.5,47,2,88.7,Low,Moderate
16,10,Female,5.5,2.8,3,5.4,44,5,78.0,Neutral,Low
13,11,Female,5.8,6.6,4,10.0,54,2,100.0,Low,Moderate
17,10,Male,7.2,6.6,4,10.0,37,2,91.1,Low,Moderate
17,10,Female,8.5,3.6,3,9.5,72,4,89.3,Low,Low
14,9,Male,7.0,5.1,1,5.6,90,3,91.7,Neutral,Low
17,11,Female,5.1,6.2,1,6.7,54,1,92.3,Neutral,Moderate
14,8,Female,7.0,4.6,2,6.3,44,3,87.2,Neutral,Low
13,10,Male,7.9,6.9,5,10.0,52,2,84.2,Low,Moderate
16,11,Male,5.8,9.3,5,8.2,17,5,91.6,Low,Moderate
16,9,Male,6.3,3.6,5,10.0,43,1,90.3,Low,Moderate
16,8,Female,6.5,2.5,2,4.4,25,1,83.1,Neutral,Low
17,11,Female,5.6,5.5,5,10.0,50,5,96.5,Low,Moderate
13,8,Male,7.3,6.3,3,8.4,25,1,89.8,Low,Moderate
17,8,Male,6.4,4.6,2,4.0,33,5,92.4,Neutral,Low
17,8,Male,7.0,7.6,3,5.1,2,1,96.4,Neutral,Low
13,10,Male,5.4,2.6,2,6.5,16,3,88.1,Neutral,Low
13,10,Female,6.0,6.2,5,10.0,47,1,89.9,Low,Moderate
13,9,Male,7.4,3.9,3,7.6,22,4,92.9,Low,Low
13,9,Male,6.1,8.1,3,10.0,61,5,83.7,Low,Moderate
16,11,Male,8.6,8.6,3,7.1,20,1,88.3,Low,Moderate
15,9,Male,6.0,3.6,2,7.2,49,5,88.8,Low,Low
15,8,Female,6.8,4.0,4,10.0,24,4,82.3,Low,Moderate
13,8,Male,7.6,6.5,5,10.0,47,1,100.0,Low,Moderate
15,10,Female,4.8,4.3,3,6.7,9,1,79.6,Neutral,Moderate
15,8,Male,4.4,4.9,4,10.0,30,4,80.2,Low,Moderate
13,11,Male,4.7,5.0,5,8.4,23,4,95.9,Low,Moderate
15,8,Female,8.0,1.5,5,7.5,57,4,92.3,Low,Low
17,8,Male,5.8,5.0,3,9.4,49,5,81.8,Low,Moderate
14,11,Female,9.0,3.8,3,5.9,15,4,91.6,Neutral,Low
14,9,Female,5.8,4.1,2,10.0,35,5,96.8,Low,Moderate
13,9,Male,6.7,7.6,4,10.0,24,3,87.8,Low,Moderate
16,11,Female,8.4,2.7,4,10.0,59,1,100.0,Low,Moderate
13,10,Female,8.9,6.5,3,6.9,65,1,77.7,Neutral,Moderate
16,8,Female,9.0,4.5,5,10.0,11,2,92.2,Low,Moderate
14,11,Female,8.0,4.5,3,2.7,56,3,95.0,Good,Low
13,8,Female,7.7,6.4,5,10.0,23,4,93.3,Low,Moderate
17,10,Female,7.2,5.6,5,10.0,34,4,86.8,Low,Moderate
15,8,Female,7.4,6.0,3,10.0,40,3,86.3,Low,Moderate
16,11,Female,5.8,6.7,1,7.3,76,4,90.7,Low,Moderate
15,8,Male,5.5,4.4,4,10.0,19,2,92.9,Low,Moderate
15,9,Male,6.5,3.9,5,1.0,56,5,91.6,Good,Low
13,10,Female,6.3,3.0,5,10.0,16,1,94.2,Low,Moderate
15,10,Male,6.0,3.5,1,4.0,15,3,81.9,Good,Low
17,10,Female,7.3,10.0,2,8.2,40,1,86.6,Low,Moderate
15,11,Female,7.6,7.2,1,6.2,40,5,82.4,Neutral,Low
13,10,Male,6.6,2.6,1,4.8,0,3,85.7,Neutral,Low
17,9,Female,8.3,2.6,5,10.0,63,5,94.1,Low,Low
14,11,Female,5.1,5.9,4,4.3,0,4,88.6,Neutral,Low
15,9,Female,6.3,6.0,1,5.6,37,4,100.0,Neutral,Low
13,8,Female,5.6,6.0,2,5.3,66,4,89.2,Neutral,Low
14,8,Male,4.3,4.5,3,9.1,84,5,88.4,Low,Moderate
14,8,Female,6.4,4.8,1,4.0,32,5,88.6,Neutral,Low
16,8,Female,6.4,5.6,1,6.7,11,5,84.2,Neutral,Moderate
17,9,Female,8.3,5.2,2,6.7,65,1,87.7,Neutral,Low
15,11,Male,7.3,1.0,4,10.0,57,5,94.8,Low,Low
13,11,Female,5.3,4.6,1,6.1,30,4,88.7,Neutral,Low
16,10,Male,8.7,3.5,1,5.3,27,2,83.2,Neutral,Low
17,9,Male,8.0,5.3,4,4.4,25,5,82.4,Neutral,Low
16,8,Female,7.2,10.0,2,6.3,33,2,85.3,Neutral,Moderate
17,9,Female,6.2,5.7,1,6.9,46,4,88.4,Neutral,Moderate
17,10,Male,5.3,4.4,4,9.8,28,5,95.2,Low,Moderate
15,10,Female,6.1,6.7,1,3.6,31,1,80.0,Good,Moderate
17,9,Male,7.8,5.9,3,9.1,52,1,86.1,Low,Moderate
16,9,Male,8.8,5.8,5,10.0,10,2,88.9,Low,Moderate
17,9,Female,8.4,6.1,3,9.1,32,1,77.0,Low,Moderate
15,11,Female,5.9,8.7,1,6.1,6,1,83.0,Neutral,Moderate
15,8,Male,5.2,3.0,2,7.6,42,1,83.9,Low,Moderate
16,9,Male,6.7,5.9,5,10.0,1,4,83.2,Low,Moderate
14,9,Male,4.4,3.3,3,9.3,57,1,89.2,Low,Moderate
14,9,Male,6.9,6.0,4,10.0,13,3,87.0,Low,Moderate
17,10,Female,6.3,3.3,2,7.3,4,5,84.7,Low,Low
13,10,Female,5.9,4.2,3,5.8,32,1,90.6,Neutral,Moderate
17,11,Female,4.6,4.5,4,8.2,74,1,98.3,Low,Moderate
16,8,Female,7.1,6.8,1,5.1,54,1,97.8,Neutral,Low
16,11,Female,5.9,6.7,4,10.0,1,3,76.5,Low,High
16,8,Male,5.1,2.8,3,4.9,13,1,91.5,Neutral,Low
16,10,Female,3.1,5.1,3,10.0,32,1,86.9,Low,High
16,10,Female,6.5,3.7,1,2.0,84,5,88.9,Good,Low
15,10,Female,8.6,2.7,4,6.4,21,3,85.6,Neutral,Low
14,11,Female,8.5,4.6,4,10.0,21,3,88.7,Low,Moderate
16,9,Female,6.0,4.4,1,7.5,70,1,88.9,Low,Moderate
13,9,Male,5.8,9.4,4,9.2,43,3,84.5,Low,Moderate
13,10,Male,7.1,5.8,1,7.9,61,2,82.6,Low,Moderate
13,9,Male,5.3,2.5,2,2.8,25,3,85.3,Good,Low
13,9,Female,6.9,4.0,3,10.0,37,3,89.4,Low,Moderate
15,11,Male,7.4,6.8,2,6.7,66,3,91.6,Neutral,Low
13,8,Male,8.0,8.8,5,10.0,37,4,93.1,Low,Moderate
16,10,Female,6.4,2.1,5,10.0,62,4,85.0,Low,Moderate
17,10,Female,6.3,1.6,5,10.0,47,4,89.7,Low,Moderate
13,11,Female,5.4,8.4,1,2.5,19,3,93.8,Good,Low
15,11,Male,5.5,5.7,4,10.0,39,2,95.0,Low,Moderate
15,9,Male,6.2,3.4,2,9.3,59,3,87.6,Low,Moderate
13,10,Female,6.9,6.0,2,4.9,53,1,86.7,Neutral,Low
17,8,Female,7.6,1.0,2,4.9,39,2,89.1,Neutral,Low
13,11,Male,5.5,5.0,2,6.7,2,4,81.1,Neutral,Moderate
15,8,Male,8.3,5.6,5,5.2,4,5,86.8,Neutral,Low
14,8,Female,6.2,6.7,2,5.9,8,2,92.5,Neutral,Moderate
16,10,Female,6.5,3.2,4,10.0,29,4,91.9,Low,Moderate
15,10,Male,5.6,5.2,5,7.0,32,2,86.4,Neutral,Moderate
13,11,Female,3.6,3.3,2,6.1,10,2,89.3,Neutral,Moderate
16,10,Male,7.6,5.5,1,4.2,60,3,83.1,Neutral,Low
13,10,Male,7.4,3.4,3,7.3,14,1,92.2,Low,Moderate
13,10,Male,6.2,4.3,3,2.5,12,5,87.5,Good,Low
14,8,Male,6.6,3.2,3,4.6,41,4,86.3,Neutral,Low
16,11,Female,7.1,6.2,5,10.0,59,2,85.8,Low,Moderate
16,9,Female,4.6,6.5,2,4.7,81,5,87.6,Neutral,Low
14,8,Male,5.9,4.6,5,9.7,51,2,85.3,Low,Moderate
15,10,Male,7.5,5.1,4,10.0,71,1,91.9,Low,Moderate
13,8,Male,5.0,2.4,1,6.3,15,5,85.6,Neutral,Low
17,10,Male,6.9,4.5,1,4.8,83,4,97.6,Neutral,Low
13,10,Male,4.9,4.9,3,8.8,2,2,96.8,Low,Moderate
13,8,Female,7.1,9.7,3,8.6,29,1,82.7,Low,High
15,11,Female,6.5,3.0,3,8.8,51,5,88.4,Low,Moderate
13,10,Female,4.6,7.6,2,8.0,7,2,84.1,Low,Moderate
14,11,Female,7.9,6.8,4,9.4,21,2,86.0,Low,Moderate
14,9,Male,5.6,5.5,4,10.0,18,4,100.0,Low,Moderate
16,10,Male,5.5,8.2,4,10.0,33,1,86.2,Low,High
17,11,Male,6.7,5.7,4,10.0,68,3,90.2,Low,Moderate
13,11,Male,7.9,5.7,3,10.0,40,2,91.2,Low,Moderate
13,9,Male,5.3,4.9,1,5.1,30,5,82.0,Neutral,Low
15,11,Female,6.6,7.2,3,8.3,0,4,82.9,Low,Moderate
14,11,Male,7.0,7.0,4,10.0,49,4,80.8,Low,Moderate
17,9,Female,7.3,3.9,3,8.3,55,2,82.7,Low,Moderate
16,10,Female,6.7,2.6,4,10.0,5,2,70.9,Low,Moderate
14,11,Female,6.1,4.6,5,8.1,38,2,91.3,Low,Moderate
16,11,Female,5.5,3.6,1,3.9,43,3,100.0,Good,Low
15,11,Male,6.6,4.9,5,10.0,59,2,88.9,Low,Moderate
15,8,Female,5.2,7.2,2,9.1,25,1,79.5,Low,High
13,9,Female,3.0,4.2,3,4.0,22,5,84.1,Neutral,Low
17,8,Female,7.0,4.9,2,5.5,30,2,85.2,Neutral,Low
16,9,Male,7.6,5.1,3,6.8,65,3,81.9,Neutral,Moderate
14,10,Male,3.7,6.5,5,9.0,60,5,93.2,Low,Moderate
15,10,Male,5.3,1.0,4,1.1,39,4,92.9,Good,Low
13,11,Female,7.2,3.9,4,10.0,60,2,81.1,Low,Moderate
13,9,Female,9.0,5.4,3,10.0,0,5,92.4,Low,Moderate
16,10,Male,6.5,7.2,4,10.0,55,4,97.2,Low,Moderate
15,9,Female,5.6,4.1,5,10.0,17,3,99.4,Low,Moderate
17,10,Male,6.3,1.6,4,10.0,75,1,100.0,Low,Moderate
15,8,Male,8.1,6.1,5,10.0,18,2,82.6,Low,Moderate
16,10,Female,5.7,3.9,2,4.7,22,1,100.0,Neutral,Low
16,8,Female,5.5,2.9,5,10.0,51,3,85.9,Low,Moderate
15,10,Female,5.9,3.9,1,4.2,53,5,84.4,Neutral,Low
16,11,Female,5.4,4.7,1,3.7,31,5,90.0,Good,Low
15,8,Male,6.6,3.9,1,6.0,47,3,84.5,Neutral,Low
14,10,Male,8.4,1.0,3,10.0,49,3,90.4,Low,Low
15,11,Male,6.9,6.6,3,10.0,47,2,80.1,Low,Moderate
15,8,Male,6.2,7.3,3,9.7,31,4,86.6,Low,Moderate
16,11,Male,6.1,6.2,5,10.0,50,1,95.7,Low,Moderate
16,9,Female,4.6,3.0,3,9.7,68,1,87.7,Low,Moderate
13,9,Male,7.6,4.6,2,10.0,15,5,88.8,Low,Moderate
13,8,Male,6.4,5.0,1,5.0,23,5,90.9,Neutral,Low
14,10,Male,6.3,6.1,5,9.9,40,2,95.0,Low,Moderate
13,8,Female,9.0,6.2,1,7.0,18,3,78.1,Neutral,Moderate
15,11,Female,6.9,3.7,3,3.1,3,1,91.5,Good,Low
16,10,Female,5.6,5.1,5,10.0,61,2,86.4,Low,Moderate
13,9,Female,6.0,5.8,4,10.0,0,5,89.0,Low,Moderate
13,10,Male,7.9,7.6,2,7.6,31,5,94.4,Low,Low
14,9,Male,6.6,6.3,3,7.7,55,1,80.8,Low,Moderate
14,10,Female,4.8,6.4,3,7.0,45,5,81.9,Low,Moderate
15,10,Female,7.6,5.2,2,3.4,32,5,76.4,Good,Low
16,10,Male,5.7,7.5,2,7.3,18,4,84.7,Low,Moderate
14,11,Male,8.7,5.7,4,10.0,46,3,96.0,Low,Moderate
13,11,Female,7.8,3.5,3,8.6,20,5,87.3,Low,Low
16,8,Female,6.0,7.5,3,9.0,45,4,80.0,Low,Moderate
16,8,Female,8.0,6.3,1,3.5,42,2,85.1,Good,Low
13,9,Female,6.6,4.2,5,5.5,43,5,79.1,Neutral,Low
14,11,Male,7.5,4.1,5,7.5,27,2,81.2,Low,Moderate
13,9,Male,7.1,5.5,1,5.8,80,5,90.3,Neutral,Low
16,8,Male,5.5,5.8,5,2.4,47,1,81.0,Good,Low
17,9,Female,5.7,5.4,2,2.4,34,4,94.7,Good,Low
17,8,Female,7.7,5.6,5,9.5,45,4,87.6,Low,Moderate
15,11,Male,6.1,8.1,5,8.4,24,1,88.5,Low,Moderate
13,10,Male,6.0,6.9,1,3.7,32,3,86.3,Good,Low
13,11,Male,5.4,5.3,4,10.0,87,4,92.6,Low,Moderate
15,9,Male,7.0,6.7,5,10.0,24,2,92.7,Low,Moderate
15,9,Female,9.0,3.1,5,10.0,38,4,90.0,Low,Moderate
15,11,Male,5.2,5.7,4,8.1,30,3,91.4,Low,Moderate
16,11,Male,6.5,8.3,1,5.1,19,2,86.7,Neutral,Moderate
13,8,Male,8.2,4.6,4,10.0,48,2,91.3,Low,Moderate
16,9,Male,6.4,3.5,1,4.3,40,1,86.0,Neutral,Low
15,9,Male,7.0,3.8,2,7.1,58,5,88.0,Low,Low
13,11,Male,5.2,3.0,1,5.7,56,1,86.4,Neutral,Moderate
16,10,Male,7.0,3.6,2,7.4,58,5,85.3,Low,Low
16,9,Female,6.3,4.3,2,6.2,21,1,83.9,Neutral,Moderate
15,10,Female,7.7,2.5,1,3.1,52,5,90.8,Good,Low
13,11,Female,7.9,5.0,3,10.0,53,4,95.9,Low,Moderate
15,11,Female,9.0,6.6,1,6.5,19,2,95.0,Neutral,Low
13,8,Male,7.2,3.4,5,10.0,33,5,80.5,Low,Moderate
17,9,Female,6.9,7.7,5,10.0,10,4,95.7,Low,Moderate
14,10,Female,6.7,5.9,3,9.3,53,3,86.1,Low,Moderate
14,8,Male,6.1,6.9,2,3.6,53,1,91.6,Good,Low
14,9,Male,6.9,3.8,3,10.0,68,3,82.6,Low,Moderate
15,8,Female,6.1,6.5,5,10.0,35,4,88.9,Low,Moderate
17,11,Female,6.7,3.0,3,9.1,49,3,89.9,Low,Moderate
13,9,Male,8.1,6.6,1,2.8,59,3,79.1,Good,Low
16,8,Female,5.3,5.3,3,7.6,24,4,91.6,Low,Moderate
13,8,Male,7.9,6.0,2,7.9,21,2,96.1,Low,Moderate
16,10,Male,8.1,2.9,1,7.6,25,5,87.0,Low,Low
13,8,Male,6.4,3.4,4,10.0,33,1,96.2,Low,Moderate
17,9,Male,4.0,6.1,5,10.0,22,5,86.9,Low,Moderate
16,9,Female,5.8,3.3,5,7.3,26,1,93.1,Low,Moderate
15,10,Male,8.1,5.8,3,10.0,57,5,74.7,Low,Moderate
13,9,Male,6.5,2.5,1,2.4,38,3,100.0,Good,Low
13,11,Female,5.3,6.5,4,6.3,46,2,97.0,Neutral,Moderate
16,9,Male,5.9,2.8,1,6.4,28,3,86.3,Neutral,Low
15,9,Female,7.5,6.0,5,10.0,27,2,76.2,Low,Moderate
15,8,Female,7.2,6.1,1,2.2,45,4,89.7,Good,Low
17,8,Female,6.2,3.7,4,10.0,42,1,79.3,Low,Moderate
15,9,Male,6.1,6.0,3,10.0,55,1,90.7,Low,Moderate
15,10,Female,6.0,5.5,2,10.0,66,4,90.5,Low,Moderate
15,8,Female,5.4,4.0,1,2.7,26,5,82.4,Good,Low
14,10,Male,8.4,3.2,2,6.8,57,4,94.7,Neutral,Low
17,9,Female,6.1,1.5,5,10.0,18,4,92.8,Low,Moderate
13,9,Female,8.0,5.6,3,3.6,81,2,93.9,Good,Low
16,11,Female,8.3,2.2,3,6.5,24,4,88.1,Neutral,Low
13,8,Female,7.7,5.2,1,3.6,53,1,79.5,Good,Low
17,9,Female,6.0,4.5,3,10.0,18,3,93.9,Low,Moderate
16,11,Male,7.0,6.2,1,7.2,36,2,86.4,Low,Moderate
17,8,Female,6.5,4.5,1,3.4,70,2,79.7,Good,Low
15,9,Female,5.4,4.4,2,9.1,23,5,96.1,Low,Moderate
16,9,Male,6.9,6.3,3,2.6,84,3,100.0,Good,Low
15,8,Male,5.1,5.6,1,5.4,39,2,87.8,Neutral,Moderate
13,8,Male,7.9,5.6,2,7.8,59,4,100.0,Low,Low
13,8,Female,5.9,5.8,4,10.0,48,2,88.5,Low,Moderate
16,9,Male,6.7,2.2,2,10.0,49,2,85.7,Low,Moderate
16,9,Female,6.8,6.4,2,6.2,11,2,84.2,Neutral,Moderate
17,11,Female,6.2,6.1,1,5.6,30,5,97.8,Neutral,Low
17,10,Male,7.2,3.2,5,10.0,63,2,83.3,Low,Moderate
15,8,Male,5.9,4.6,5,6.1,33,2,92.4,Neutral,Low
16,9,Female,7.5,4.9,5,10.0,42,5,84.6,Low,Moderate
13,9,Male,4.9,4.8,2,2.7,9,3,85.2,Good,Low
17,8,Female,6.7,5.6,1,5.0,29,1,94.2,Neutral,Low
17,10,Male,8.8,7.6,3,10.0,62,5,85.7,Low,Moderate
13,8,Male,5.3,6.9,2,5.1,14,5,85.6,Neutral,Low
17,10,Male,5.7,2.6,2,9.6,54,2,94.8,Low,Moderate
15,9,Female,7.1,6.1,1,1.0,43,2,97.6,Good,Low
16,10,Male,6.7,7.4,4,10.0,35,1,91.9,Low,Moderate
13,11,Female,6.9,5.7,2,8.9,34,2,84.1,Low,Moderate
16,9,Female,7.1,7.0,4,6.4,30,4,84.9,Neutral,Moderate
17,11,Female,7.3,8.6,4,5.8,31,2,88.5,Neutral,Moderate
17,8,Female,7.8,6.8,5,8.2,58,2,89.9,Low,Moderate
13,8,Male,7.0,5.4,1,3.7,31,4,82.1,Good,Low
15,8,Female,6.2,6.9,4,10.0,76,1,92.3,Low,Moderate
14,10,Female,7.3,5.3,1,5.9,45,4,88.5,Neutral,Low
13,9,Male,8.8,5.0,5,10.0,28,5,77.7,Low,Moderate
14,8,Female,6.3,4.4,1,6.2,59,4,82.4,Neutral,Low
14,8,Male,5.3,7.8,2,7.5,52,3,85.0,Low,Moderate
15,9,Female,7.8,3.5,4,8.6,6,5,87.6,Low,Low
14,8,Male,6.4,7.8,1,4.7,19,2,99.3,Neutral,Low
14,11,Female,3.9,5.9,3,10.0,37,5,89.4,Low,Moderate
15,9,Male,7.5,2.5,1,6.7,8,1,83.0,Neutral,Moderate
14,9,Female,5.9,5.7,4,10.0,81,1,89.3,Low,Moderate
14,9,Female,6.4,1.2,5,10.0,56,4,85.9,Low,Moderate
14,11,Male,6.9,6.1,5,10.0,39,5,89.9,Low,Moderate
13,9,Male,6.7,6.6,4,1.7,33,2,91.5,Good,Low
13,11,Male,7.4,3.9,2,7.5,28,1,95.3,Low,Moderate
13,9,Male,6.0,5.2,2,6.4,0,2,87.9,Neutral,Moderate
15,10,Female,7.1,8.5,5,10.0,5,3,97.8,Low,Moderate
17,8,Female,6.2,4.1,5,9.0,78,1,93.4,Low,Moderate
14,10,Male,7.4,3.1,4,10.0,71,4,83.8,Low,Moderate
14,8,Female,7.2,7.7,2,1.0,28,3,100.0,Good,Low
15,11,Male,5.4,8.5,5,10.0,58,5,90.0,Low,Moderate
14,10,Male,7.8,5.0,2,4.4,50,2,83.0,Neutral,Low
13,9,Female,5.9,6.8,5,10.0,52,1,97.9,Low,Moderate
17,8,Female,7.5,7.4,1,5.9,11,3,100.0,Neutral,Low
16,8,Female,6.9,3.7,3,10.0,3,3,87.8,Low,Moderate
14,10,Female,8.7,4.1,1,6.1,63,1,85.0,Neutral,Low
13,11,Female,6.2,7.2,5,7.9,0,5,87.0,Low,Moderate
16,10,Female,6.1,8.0,3,6.4,37,5,92.3,Neutral,Low
17,11,Female,6.5,6.0,3,10.0,32,4,95.7,Low,Moderate
16,11,Male,6.1,3.4,5,10.0,30,5,91.4,Low,Moderate
13,8,Male,7.5,8.6,5,10.0,46,4,88.6,Low,Moderate
16,10,Male,4.6,4.0,2,8.3,26,3,97.0,Low,Moderate
15,10,Male,5.2,4.4,5,10.0,47,1,86.1,Low,Moderate
16,11,Male,5.2,5.6,4,9.1,42,5,94.2,Low,Moderate
14,10,Female,7.6,7.8,5,10.0,81,4,86.3,Low,Moderate
14,9,Male,8.6,6.5,4,10.0,12,3,90.6,Low,Moderate
15,9,Male,6.4,5.7,5,10.0,40,5,87.3,Low,Moderate
13,10,Male,6.3,5.8,2,5.6,48,2,87.7,Neutral,Moderate
14,10,Male,6.6,5.1,4,10.0,34,3,85.7,Low,Moderate
17,11,Male,7.9,6.0,1,6.5,13,5,96.1,Neutral,Low
14,9,Male,5.4,1.0,4,5.4,65,3,83.6,Neutral,Low
14,9,Male,6.8,4.5,2,7.3,46,1,83.6,Low,Moderate
13,8,Female,7.7,5.4,4,8.1,14,1,100.0,Low,Moderate
16,11,Female,7.1,2.9,5,10.0,48,1,93.9,Low,Moderate
14,8,Male,6.7,5.7,5,10.0,74,2,73.7,Low,High
15,9,Female,7.7,4.6,2,8.9,39,1,84.6,Low,Moderate
16,11,Female,3.3,8.2,3,10.0,39,2,77.1,Low,High
17,10,Female,7.3,7.8,5,10.0,71,1,82.3,Low,High
13,11,Female,5.7,4.2,1,5.8,20,3,69.2,Neutral,Moderate
17,10,Male,4.3,4.7,2,10.0,74,5,87.2,Low,Moderate
16,10,Female,7.1,4.9,4,10.0,59,5,81.1,Low,Moderate
16,11,Female,8.1,4.2,4,8.2,21,1,88.4,Low,Moderate
16,10,Female,6.3,5.4,1,3.8,26,5,78.2,Good,Low
17,8,Male,7.6,3.6,5,10.0,29,1,88.5,Low,Moderate
16,9,Male,8.4,3.0,2,9.7,3,1,85.5,Low,Moderate
17,10,Male,8.1,6.1,1,3.0,45,4,97.0,Good,Low
16,8,Male,8.5,6.1,5,10.0,22,4,96.5,Low,Moderate
15,10,Male,7.4,3.6,2,9.7,45,4,92.7,Low,Moderate
16,9,Male,6.6,6.6,4,10.0,14,2,86.0,Low,Moderate
17,8,Male,4.6,3.9,2,4.7,58,4,99.9,Neutral,Low
14,9,Female,6.2,5.5,3,10.0,54,1,78.7,Low,High
16,9,Female,5.5,6.5,2,5.4,25,3,79.6,Neutral,Moderate
14,8,Female,9.0,4.9,3,4.0,47,4,87.5,Neutral,Low
15,8,Male,6.3,5.8,2,9.2,41,4,100.0,Low,Moderate
13,8,Male,6.6,4.1,3,6.7,69,3,86.8,Neutral,Low
15,11,Male,7.2,4.6,4,9.2,19,1,86.9,Low,Moderate
16,8,Male,6.6,4.6,5,10.0,36,2,79.3,Low,Moderate
14,8,Male,8.5,3.7,3,7.9,27,4,93.7,Low,Low
14,8,Female,5.8,4.7,3,5.4,40,3,93.7,Neutral,Low
17,8,Female,6.7,2.2,4,7.7,50,1,92.7,Low,Moderate
14,10,Male,5.6,4.1,3,10.0,26,5,84.2,Low,Moderate
17,11,Male,4.9,4.5,1,5.6,32,2,83.8,Neutral,Moderate
13,9,Male,5.8,4.5,4,6.9,59,3,80.2,Neutral,Moderate
16,8,Male,6.5,4.6,1,6.0,67,3,88.5,Neutral,Low
17,10,Female,6.0,4.9,4,8.7,49,3,81.5,Low,Moderate
13,10,Male,5.7,5.9,3,6.9,37,4,80.9,Neutral,Moderate
14,10,Male,4.8,6.6,1,3.5,35,5,85.5,Good,Low
14,9,Male,6.4,3.8,3,6.9,50,2,85.1,Neutral,Moderate
13,8,Male,4.7,2.8,4,10.0,44,1,84.8,Low,Moderate
14,11,Female,7.4,3.1,3,7.8,7,1,90.8,Low,Moderate
13,11,Male,6.6,4.1,1,4.9,51,5,88.5,Neutral,Low
17,10,Male,4.8,4.4,1,6.7,22,3,86.3,Neutral,Moderate
17,9,Female,6.1,3.6,3,7.4,11,3,89.1,Low,Moderate
13,9,Female,5.6,2.7,2,5.8,6,3,82.1,Neutral,Moderate
17,9,Female,6.9,4.2,4,10.0,35,3,88.6,Low,Moderate
17,11,Male,8.1,5.3,4,10.0,19,3,88.9,Low,Moderate
17,10,Male,4.2,6.1,3,5.9,0,5,79.0,Neutral,Moderate
15,8,Female,6.6,4.0,2,4.2,32,4,94.0,Neutral,Low
16,11,Female,6.3,4.3,1,6.1,30,2,82.7,Neutral,Moderate
14,10,Female,7.3,3.3,5,5.7,37,3,88.5,Neutral,Low
15,10,Female,6.8,4.9,5,10.0,27,4,95.0,Low,Moderate
17,8,Female,5.6,3.5,3,10.0,76,1,93.6,Low,Moderate
13,8,Female,6.1,6.0,2,7.0,50,5,88.2,Low,Low
17,8,Male,5.5,1.8,2,2.2,30,4,85.8,Good,Low
16,9,Male,7.8,4.4,4,10.0,38,3,93.7,Low,Moderate
17,8,Male,6.5,5.5,1,4.7,68,3,92.0,Neutral,Low
13,10,Female,8.8,5.3,2,3.5,59,3,84.3,Good,Low
16,8,Female,6.4,9.8,5,10.0,12,4,83.2,Low,High
17,10,Female,5.6,5.6,1,1.0,20,3,75.6,Good,Low
16,11,Female,4.7,3.2,1,5.8,24,4,88.9,Neutral,Low
14,9,Female,4.3,4.8,3,9.0,31,3,87.5,Low,Moderate
14,11,Female,4.6,1.8,2,2.4,28,1,94.8,Good,Low
17,11,Male,6.8,4.9,3,7.0,40,1,90.2,Low,Moderate
16,10,Male,7.1,3.5,2,5.4,54,2,96.0,Neutral,Low
13,11,Female,4.6,6.6,4,7.3,58,3,83.8,Low,Moderate
17,10,Male,7.6,4.0,3,10.0,33,3,94.8,Low,Moderate
14,8,Female,5.9,4.8,3,10.0,7,4,84.8,Low,Moderate
14,8,Male,6.7,3.9,5,6.7,19,4,92.7,Neutral,Low
17,10,Female,8.4,8.1,3,6.9,29,3,79.2,Neutral,Moderate
16,8,Female,7.6,4.4,2,8.4,15,2,89.4,Low,Moderate
14,9,Male,6.2,8.3,5,10.0,62,3,76.1,Low,High
16,11,Male,5.4,6.5,3,8.8,16,4,86.4,Low,Moderate
14,9,Female,3.9,5.9,3,5.8,52,3,90.6,Neutral,Moderate
14,11,Female,5.6,5.7,4,10.0,6,4,84.9,Low,Moderate
15,8,Male,6.2,5.7,3,7.2,53,3,81.7,Low,Moderate
14,9,Male,5.3,1.5,1,5.9,37,5,93.1,Neutral,Low
13,8,Female,6.3,4.5,5,10.0,70,4,87.4,Low,Moderate
17,11,Male,6.6,6.5,1,4.1,17,2,85.1,Neutral,Low
17,10,Female,6.2,4.9,5,10.0,28,5,88.3,Low,Moderate
16,10,Female,5.7,2.5,4,10.0,32,3,100.0,Low,Moderate
14,9,Female,6.7,4.9,3,10.0,36,4,94.9,Low,Moderate
13,8,Female,7.0,8.1,3,10.0,33,5,95.0,Low,Moderate
16,8,Male,5.2,7.2,3,10.0,33,2,90.6,Low,Moderate
15,9,Male,8.2,4.9,5,10.0,33,4,89.0,Low,Moderate
16,10,Male,6.4,6.7,3,8.4,0,5,73.6,Low,Moderate
16,11,Male,6.5,4.3,1,7.0,59,5,83.9,Neutral,Low
14,9,Male,7.3,1.9,3,10.0,97,5,85.1,Low,Moderate
15,11,Male,6.8,3.3,4,5.3,45,1,76.8,Neutral,Moderate
16,10,Male,7.6,7.8,1,2.2,17,3,81.1,Good,Low
13,8,Female,6.8,4.5,3,8.4,19,4,76.1,Low,Moderate
13,10,Male,5.8,4.6,3,9.2,52,4,87.8,Low,Moderate
17,9,Male,6.9,4.5,2,8.6,47,4,92.9,Low,Moderate
15,8,Female,5.1,8.4,5,10.0,34,5,94.6,Low,Moderate
15,9,Male,6.6,7.9,1,3.5,55,3,90.5,Good,Low
17,9,Male,6.5,9.0,2,6.7,0,2,82.2,Neutral,Moderate
16,10,Female,6.3,4.7,4,10.0,55,4,76.4,Low,Moderate
15,9,Male,6.3,5.5,5,10.0,44,3,77.5,Low,Moderate
13,10,Male,4.2,2.3,1,4.1,20,3,80.4,Neutral,Low
13,8,Male,5.8,7.7,3,7.1,11,1,82.7,Low,Moderate
14,10,Female,6.6,2.9,1,5.3,42,4,87.0,Neutral,Low
15,8,Male,6.7,5.4,3,9.6,68,5,81.9,Low,Moderate
16,10,Male,5.3,3.0,5,10.0,35,3,90.0,Low,Moderate
17,11,Female,8.0,3.9,3,2.1,22,3,86.6,Good,Low
17,11,Male,5.5,3.5,4,10.0,43,2,88.1,Low,Moderate
16,9,Female,7.7,3.9,3,10.0,76,1,94.8,Low,Moderate
14,10,Female,7.0,4.0,4,5.0,48,3,80.9,Neutral,Low
17,10,Male,5.7,4.0,5,10.0,50,3,90.5,Low,Moderate
15,8,Female,8.6,6.5,5,10.0,64,5,87.9,Low,Moderate
14,9,Female,5.1,3.0,1,4.7,49,5,86.0,Neutral,Low
15,10,Male,7.6,5.4,4,5.9,24,2,93.3,Neutral,Low
13,9,Female,7.7,7.2,4,10.0,5,2,93.3,Low,Moderate
14,11,Female,5.7,4.1,2,6.8,21,2,82.3,Neutral,Moderate
17,10,Male,8.2,3.7,2,3.3,17,5,86.9,Good,Low
14,10,Male,6.2,4.6,2,6.8,53,5,89.7,Neutral,Low
14,9,Male,6.8,7.1,3,10.0,55,1,86.4,Low,Moderate
14,10,Female,6.8,5.3,2,2.1,43,4,91.5,Good,Low
14,9,Male,6.3,4.0,4,9.9,14,4,89.7,Low,Moderate
15,10,Female,7.5,5.9,3,8.3,75,1,99.0,Low,Moderate
13,8,Female,7.5,3.0,5,10.0,31,4,78.8,Low,Moderate
16,9,Female,4.4,6.2,1,5.0,52,5,87.3,Neutral,Low
14,10,Female,8.1,5.7,2,9.3,40,4,82.5,Low,Moderate
17,11,Female,4.5,4.4,5,6.7,44,5,91.6,Neutral,Low
14,10,Female,7.7,3.5,4,10.0,51,1,78.3,Low,Moderate
17,11,Female,7.9,3.4,1,4.8,26,2,90.1,Neutral,Low
15,11,Male,5.2,6.0,5,10.0,66,1,84.2,Low,High
17,8,Male,6.0,7.2,1,6.2,8,4,83.6,Neutral,Moderate
16,9,Female,5.2,3.9,2,6.6,19,5,79.3,Neutral,Moderate
13,10,Female,6.2,5.8,4,9.2,65,4,85.2,Low,Moderate
17,8,Male,6.1,1.2,1,5.0,51,4,94.5,Neutral,Low
17,10,Female,7.4,3.9,5,10.0,90,2,87.8,Low,Moderate
13,11,Male,8.1,4.9,2,8.2,41,4,91.8,Low,Low
16,9,Male,8.2,3.4,2,3.8,74,2,98.0,Good,Low
14,10,Male,5.8,3.3,5,6.6,2,5,89.6,Neutral,Low
17,10,Female,6.2,3.8,5,10.0,11,5,84.6,Low,Moderate
13,11,Female,4.5,5.5,1,4.9,57,2,90.8,Neutral,Moderate
15,10,Male,5.5,4.7,3,4.8,5,1,84.7,Neutral,Moderate
13,10,Male,7.7,1.0,2,10.0,36,5,85.0,Low,Moderate
15,11,Male,8.4,1.2,1,6.6,63,1,78.9,Neutral,Low
16,8,Male,5.0,3.9,5,10.0,50,5,93.6,Low,Moderate
14,11,Male,5.8,5.8,1,7.2,40,5,85.7,Low,Moderate
13,8,Female,6.5,1.0,5,10.0,31,3,89.1,Low,Moderate
17,9,Male,6.8,4.1,4,10.0,44,4,81.8,Low,Moderate
16,8,Female,5.5,4.1,5,10.0,51,4,90.6,Low,Moderate
13,8,Male,7.0,7.5,5,10.0,26,1,83.4,Low,High
17,9,Female,5.9,4.3,5,10.0,47,4,87.1,Low,Moderate
13,8,Female,6.5,5.7,3,10.0,61,1,93.3,Low,Moderate
15,11,Female,7.2,5.3,5,9.6,35,5,92.7,Low,Moderate
13,8,Female,6.5,1.2,2,4.9,41,3,87.9,Neutral,Low
13,9,Female,6.0,6.4,2,5.7,49,3,77.4,Neutral,Moderate
13,11,Female,6.4,5.4,1,3.9,51,5,100.0,Good,Low
16,9,Male,6.4,5.9,3,8.4,57,2,98.5,Low,Moderate
13,9,Female,6.1,10.0,1,6.4,19,2,92.3,Neutral,Moderate
17,10,Male,6.2,1.2,2,9.5,29,4,83.5,Low,Moderate
15,10,Female,8.4,8.1,2,2.7,30,1,87.3,Good,Low
15,9,Female,7.2,4.5,4,4.9,21,3,84.7,Neutral,Low
13,9,Male,6.1,5.5,5,6.1,4,4,95.6,Neutral,Low
16,9,Female,7.3,4.9,2,8.4,0,5,89.6,Low,Moderate
16,10,Male,6.1,4.2,1,3.4,63,3,83.3,Good,Low
17,10,Male,7.9,4.0,1,5.6,8,1,85.2,Neutral,Low
13,8,Male,6.9,5.6,5,10.0,71,1,94.7,Low,Moderate
15,8,Male,6.4,2.3,5,10.0,54,2,97.6,Low,Moderate
16,9,Female,7.0,6.4,4,10.0,31,4,97.2,Low,Moderate
13,11,Female,4.6,4.3,3,7.8,52,5,92.5,Low,Moderate
16,11,Male,5.1,3.0,1,4.8,48,3,86.5,Neutral,Low
16,10,Female,5.1,4.2,5,10.0,17,1,68.6,Low,High
15,10,Female,6.7,7.3,1,5.8,39,3,89.8,Neutral,Low
14,10,Male,8.6,4.0,5,9.8,20,5,88.0,Low,Moderate
17,9,Female,9.0,5.6,2,7.0,53,3,88.8,Low,Low
17,11,Male,7.3,3.7,1,7.1,25,4,88.3,Low,Low
15,8,Male,7.1,6.4,2,2.3,38,2,80.0,Good,Low
16,9,Female,4.3,6.2,1,3.2,37,3,91.3,Good,Low
13,8,Female,5.8,8.3,3,10.0,42,2,91.8,Low,Moderate
16,8,Female,5.6,4.7,4,10.0,73,5,92.1,Low,Moderate
15,9,Male,5.8,6.2,2,6.1,35,2,93.7,Neutral,Moderate
17,8,Male,6.3,5.2,5,10.0,64,3,91.6,Low,Moderate
16,11,Female,5.9,7.3,3,1.7,49,3,85.5,Good,Low
17,8,Female,4.1,3.7,1,6.5,68,1,87.6,Neutral,Moderate
13,11,Female,7.4,6.3,2,8.7,33,3,88.5,Low,Moderate
17,11,Female,5.2,4.6,1,6.9,53,2,88.6,Neutral,Moderate
17,11,Male,6.8,4.9,1,2.6,38,1,94.0,Good,Low
14,10,Female,9.0,5.2,1,7.4,0,3,91.9,Low,Low
14,8,Male,5.4,5.5,4,10.0,18,3,100.0,Low,Moderate
14,9,Male,3.5,4.8,4,10.0,51,5,100.0,Low,Moderate
17,9,Female,6.2,5.4,5,10.0,50,1,88.5,Low,Moderate
15,8,Female,7.8,7.8,2,7.5,14,5,65.0,Low,Moderate
17,10,Female,8.9,6.8,3,9.8,44,5,95.4,Low,Moderate
15,10,Male,5.0,6.6,3,5.0,50,5,84.8,Neutral,Low
15,11,Female,7.1,4.2,3,2.3,39,4,83.2,Good,Low
14,8,Female,5.9,3.4,1,5.1,54,5,85.6,Neutral,Low
16,8,Male,6.4,6.7,4,9.0,51,2,85.3,Low,Moderate
13,9,Female,9.0,6.6,2,6.9,39,3,91.7,Neutral,Low
14,8,Male,4.7,7.7,1,5.6,29,4,78.6,Neutral,Moderate
14,10,Female,6.8,3.9,4,10.0,60,5,81.5,Low,Moderate
16,8,Male,7.1,4.6,4,9.2,49,3,90.1,Low,Moderate
13,9,Female,7.8,2.0,2,6.4,12,1,91.7,Neutral,Low
17,11,Female,6.6,4.3,2,7.7,44,1,91.8,Low,Moderate
17,9,Male,6.9,6.8,2,4.5,16,3,83.3,Neutral,Low
14,9,Male,6.0,4.2,1,4.9,20,2,82.1,Neutral,Low
13,11,Female,6.8,6.2,5,9.8,26,3,85.0,Low,Moderate
14,9,Male,6.1,4.7,2,6.7,40,3,89.4,Neutral,Moderate
15,9,Male,7.2,5.6,5,10.0,47,4,96.9,Low,Moderate
14,8,Male,6.1,2.9,1,3.4,31,1,75.7,Good,Low
14,8,Male,7.0,5.2,5,10.0,32,1,86.7,Low,Moderate
17,11,Female,6.5,1.0,3,7.3,29,5,80.0,Low,Low
17,8,Female,7.9,4.7,5,10.0,60,3,78.1,Low,Moderate
17,8,Male,6.4,2.1,2,5.1,0,3,93.8,Neutral,Low
15,9,Male,4.4,7.2,1,4.8,33,2,91.3,Neutral,Moderate
17,10,Male,8.0,6.4,2,6.0,70,1,90.7,Neutral,Low
13,8,Male,5.4,5.8,3,10.0,50,2,93.5,Low,Moderate
16,10,Female,5.7,7.7,2,7.8,65,4,85.1,Low,Moderate
13,8,Female,5.8,3.3,2,5.4,0,5,85.4,Neutral,Low
13,8,Male,8.1,8.1,2,7.8,15,2,100.0,Low,Moderate
17,11,Male,3.9,6.7,4,10.0,50,1,86.5,Low,High
16,11,Male,9.0,4.6,3,10.0,71,4,92.4,Low,Moderate
16,11,Female,7.8,7.0,2,10.0,17,3,88.0,Low,Moderate
16,10,Male,6.8,3.0,2,6.5,32,4,76.9,Neutral,Moderate
15,9,Female,6.4,3.5,2,6.9,48,2,75.7,Neutral,Moderate
17,8,Male,6.8,3.9,1,6.2,10,1,84.5,Neutral,Moderate
16,8,Female,7.1,4.0,4,10.0,50,2,94.3,Low,Moderate
15,8,Male,7.3,3.1,1,5.9,0,3,92.7,Neutral,Low
14,10,Female,7.2,7.2,4,10.0,49,3,93.5,Low,Moderate
14,11,Male,6.6,4.5,2,3.3,20,1,82.1,Good,Low
15,9,Male,6.3,5.6,3,7.9,31,5,97.7,Low,Low
15,10,Male,6.3,4.0,5,10.0,53,4,82.2,Low,Moderate
17,11,Female,6.3,1.7,5,7.9,48,4,89.3,Low,Low
17,10,Male,7.9,5.5,2,7.0,39,3,87.9,Neutral,Low
14,9,Female,7.2,1.6,1,5.0,59,2,87.0,Neutral,Low
16,11,Female,3.0,4.9,3,10.0,5,2,96.0,Low,Moderate
14,10,Male,7.3,2.5,4,9.4,44,5,83.8,Low,Moderate
16,9,Male,6.7,8.6,2,6.1,24,2,79.9,Neutral,Moderate
16,8,Male,6.5,6.6,3,8.1,58,4,88.1,Low,Moderate
17,9,Female,6.0,5.2,3,10.0,53,2,85.6,Low,Moderate
13,8,Male,7.8,7.3,4,9.3,54,5,100.0,Low,Low
13,10,Female,7.6,3.5,3,7.9,72,4,92.1,Low,Low
15,11,Female,5.6,6.0,1,4.3,62,2,85.5,Neutral,Low
17,11,Male,7.0,5.4,1,6.2,36,4,81.7,Neutral,Low
16,10,Male,5.3,5.5,1,6.1,39,3,76.7,Neutral,Moderate
13,11,Male,4.8,7.3,3,9.2,52,3,81.8,Low,Moderate
16,11,Male,5.7,6.3,1,6.5,42,3,88.7,Neutral,Moderate
13,8,Male,7.5,5.5,4,7.6,54,2,96.6,Low,Low
13,10,Male,7.6,2.0,3,10.0,0,5,94.7,Low,Low
13,9,Female,7.1,3.3,5,10.0,77,4,89.4,Low,Moderate
17,8,Female,7.4,4.8,3,9.4,41,1,86.1,Low,Moderate
14,10,Female,7.1,5.2,4,9.1,7,3,89.6,Low,Moderate
16,8,Male,5.7,3.0,5,6.2,21,3,84.9,Neutral,Low
17,9,Female,7.0,9.3,3,8.2,0,1,98.3,Low,Moderate
17,9,Female,7.5,7.7,1,5.4,18,1,86.9,Neutral,Moderate
17,10,Female,7.4,6.1,2,5.2,37,2,87.5,Neutral,Low
17,9,Female,7.9,5.1,2,9.5,70,4,74.7,Low,Moderate
17,8,Female,7.3,4.6,1,5.3,48,3,86.8,Neutral,Low
15,9,Male,6.9,3.3,2,7.9,44,5,93.0,Low,Low
16,8,Male,7.8,5.1,2,4.5,17,2,81.6,Neutral,Low
17,8,Female,6.5,5.5,1,5.4,23,2,83.5,Neutral,Moderate
16,9,Female,5.4,2.8,1,7.2,25,5,92.8,Low,Low
15,10,Female,6.3,5.6,3,7.8,25,5,79.1,Low,Moderate
15,11,Male,5.6,4.7,3,10.0,32,5,94.3,Low,Moderate
16,9,Male,5.7,1.6,1,4.4,34,1,84.8,Neutral,Low
13,8,Female,6.3,3.5,4,10.0,33,3,85.7,Low,Moderate
14,8,Male,5.5,4.3,2,7.3,26,1,81.3,Low,Moderate
13,9,Male,6.1,8.4,3,9.3,42,3,90.3,Low,Moderate
13,10,Female,4.2,6.0,2,10.0,33,1,100.0,Low,Moderate
13,10,Male,6.8,2.6,5,10.0,8,4,92.7,Low,Moderate
17,8,Male,6.5,5.9,1,6.0,40,3,82.8,Neutral,Moderate
15,8,Female,5.5,2.2,4,7.6,37,2,94.8,Low,Moderate
13,10,Male,7.3,6.9,5,10.0,8,3,86.1,Low,Moderate
15,11,Male,7.6,4.2,5,10.0,28,3,96.2,Low,Moderate
16,9,Female,4.6,4.8,5,10.0,51,3,92.8,Low,Moderate
14,8,Male,5.6,7.4,1,4.7,17,4,70.3,Neutral,Moderate
16,8,Male,5.6,2.7,3,9.8,15,1,82.0,Low,Moderate
16,10,Female,5.4,2.5,1,6.8,33,2,93.7,Neutral,Low
17,9,Female,7.5,3.9,3,7.0,52,1,88.9,Neutral,Moderate
14,10,Female,6.3,6.9,5,10.0,76,1,81.9,Low,High
16,9,Male,6.2,2.3,5,10.0,53,5,84.2,Low,Moderate
16,9,Female,4.1,1.0,4,10.0,61,4,76.6,Low,Moderate
14,9,Male,7.3,4.2,3,9.1,46,5,87.5,Low,Moderate
14,8,Female,5.0,6.0,5,10.0,26,4,100.0,Low,Moderate
16,11,Male,6.6,7.2,2,7.3,53,1,92.8,Low,Moderate
14,10,Female,6.8,4.2,4,10.0,38,1,100.0,Low,Moderate
16,11,Female,8.1,4.3,1,1.7,47,4,93.3,Good,Low
16,10,Female,4.9,7.1,4,10.0,21,1,94.2,Low,High
17,9,Female,3.0,1.6,2,5.7,49,1,99.8,Neutral,Low
13,8,Male,6.7,4.3,3,8.2,37,2,90.3,Low,Moderate
16,11,Female,8.7,5.3,1,4.3,44,5,86.9,Neutral,Low
15,8,Female,8.0,5.8,1,5.4,38,5,94.2,Neutral,Low
13,10,Male,6.8,4.1,3,8.9,34,5,96.7,Low,Low
13,8,Female,5.9,5.1,4,10.0,49,3,85.1,Low,Moderate
13,8,Male,7.5,1.0,5,10.0,31,2,83.7,Low,Moderate
17,11,Female,5.3,3.8,4,2.6,8,5,88.8,Good,Low
16,9,Female,7.1,5.8,2,4.0,2,5,93.0,Good,Low
17,8,Female,7.1,3.2,5,10.0,43,2,92.8,Low,Moderate
16,9,Male,7.8,5.1,4,5.7,31,1,79.5,Neutral,Moderate
17,10,Female,9.0,5.8,3,9.5,5,5,99.5,Low,Low
17,8,Female,7.0,4.4,2,7.1,42,1,84.2,Low,Moderate
15,11,Female,5.9,5.3,2,7.5,38,5,86.4,Low,Moderate
17,10,Male,6.5,3.3,2,7.4,30,4,82.6,Low,Moderate
14,10,Male,4.4,4.6,5,10.0,44,3,100.0,Low,Moderate
15,11,Female,5.7,6.1,1,6.1,66,5,89.5,Neutral,Low
17,8,Male,6.0,5.3,5,10.0,65,4,82.9,Low,Moderate
13,8,Female,5.9,3.9,4,7.3,42,2,93.2,Low,Moderate
14,10,Female,6.7,5.4,1,1.0,38,4,92.6,Good,Low
14,8,Female,5.5,6.3,4,10.0,43,2,86.9,Low,Moderate
14,9,Female,7.8,1.3,1,9.0,46,5,93.0,Low,Low
15,11,Female,6.5,7.1,5,10.0,34,2,83.0,Low,High
17,9,Female,6.5,4.4,2,1.0,43,4,85.0,Good,Low
17,8,Female,6.1,5.8,3,8.1,8,3,75.9,Low,Moderate
13,10,Male,6.7,7.2,2,3.7,41,1,80.1,Good,Moderate
13,11,Male,7.5,2.5,5,6.3,49,1,98.8,Neutral,Low
14,8,Male,5.5,3.7,1,4.2,30,3,97.8,Neutral,Low
13,8,Male,5.7,4.5,2,6.3,38,1,88.4,Neutral,Moderate
15,10,Male,6.1,3.6,5,10.0,17,5,98.0,Low,Moderate
17,10,Male,4.9,8.1,4,10.0,14,5,87.0,Low,Moderate
14,9,Male,5.5,3.5,3,6.1,44,4,86.5,Neutral,Low
13,11,Female,5.9,4.0,2,5.4,25,4,88.3,Neutral,Low
15,11,Female,7.5,5.4,1,4.0,4,2,87.3,Good,Low
15,10,Female,6.8,2.8,4,3.6,17,4,86.7,Good,Low
13,9,Female,6.7,4.3,5,10.0,20,5,94.9,Low,Moderate
17,11,Male,7.5,5.6,3,10.0,55,4,88.9,Low,Moderate
13,10,Male,6.3,4.4,1,6.6,43,1,92.3,Neutral,Moderate
14,8,Female,7.0,4.8,5,10.0,22,2,94.2,Low,Moderate
13,11,Female,6.4,4.0,5,10.0,28,2,90.3,Low,Moderate
15,9,Male,6.8,2.3,2,5.0,66,5,82.2,Neutral,Low
13,9,Female,5.8,5.6,2,8.0,58,4,79.9,Low,Moderate
17,9,Female,3.6,8.2,1,6.7,17,1,88.9,Neutral,Moderate
16,8,Female,6.3,5.0,5,10.0,63,4,87.0,Low,Moderate
13,11,Female,8.2,5.4,2,8.2,38,3,88.5,Low,Moderate
17,11,Male,7.6,6.2,3,10.0,55,4,87.9,Low,Moderate
17,8,Female,7.7,2.7,3,9.5,36,5,100.0,Low,Low
15,11,Female,8.0,8.1,5,10.0,63,4,80.0,Low,Moderate
17,8,Male,6.6,5.4,2,7.2,16,2,76.1,Low,Moderate
17,8,Male,6.7,7.9,1,5.1,34,1,90.0,Neutral,Moderate
17,8,Female,5.8,3.7,1,4.9,64,5,85.7,Neutral,Low
17,9,Male,6.1,8.3,1,4.0,0,3,89.9,Neutral,Low
14,11,Female,7.2,6.4,3,10.0,39,1,91.5,Low,Moderate
14,8,Female,7.9,6.0,2,8.5,32,1,95.7,Low,Moderate
15,11,Male,6.3,5.4,2,4.0,53,2,79.0,Neutral,Low
13,9,Female,6.0,4.6,3,9.2,61,2,84.7,Low,Moderate
17,8,Female,6.5,7.2,1,8.7,54,2,90.6,Low,Moderate
13,10,Female,7.2,5.3,1,4.6,44,5,92.6,Neutral,Low
13,9,Female,4.8,1.5,5,5.4,40,4,100.0,Neutral,Low
15,10,Male,3.7,3.0,4,10.0,33,1,93.7,Low,Moderate
17,11,Male,5.8,4.7,2,7.7,44,4,87.7,Low,Moderate
17,11,Female,5.0,5.6,2,6.6,69,4,82.7,Neutral,Moderate
16,9,Male,5.9,4.9,2,4.4,23,2,84.6,Neutral,Low
13,11,Female,6.3,7.2,4,10.0,31,4,84.4,Low,Moderate
13,10,Female,6.0,1.5,5,10.0,38,1,91.9,Low,Moderate
14,8,Female,8.2,5.3,4,10.0,60,1,89.5,Low,Moderate
16,8,Female,6.9,1.7,1,5.1,44,3,80.1,Neutral,Low
14,8,Female,6.9,6.4,1,4.4,59,5,85.4,Neutral,Low
14,9,Male,7.2,4.8,2,7.8,60,4,93.3,Low,Low
14,11,Female,5.1,5.8,3,9.2,51,5,90.1,Low,Moderate
15,10,Male,7.7,3.4,2,4.9,18,5,91.4,Neutral,Low
15,11,Male,6.4,7.3,3,10.0,73,5,90.3,Low,Moderate
14,11,Female,7.3,6.9,4,10.0,68,5,97.8,Low,Moderate
16,11,Female,5.2,6.1,1,6.4,41,1,89.4,Neutral,Moderate
13,8,Female,4.6,4.8,3,8.5,12,4,85.7,Low,Moderate
16,10,Female,7.5,6.0,4,9.0,8,3,82.5,Low,Moderate
17,10,Female,7.0,3.7,1,3.2,45,5,89.5,Good,Low
15,11,Male,5.4,6.5,3,6.9,25,3,73.4,Neutral,Moderate
13,8,Female,5.5,8.0,2,2.9,5,1,86.9,Good,Low
13,8,Female,7.9,6.9,2,5.7,8,1,86.8,Neutral,Moderate
17,10,Male,5.1,3.7,2,5.6,30,2,79.8,Neutral,Moderate
17,8,Male,8.5,5.7,4,8.6,43,5,82.4,Low,Moderate
14,8,Female,5.4,2.7,2,8.1,68,2,92.9,Low,Moderate
15,8,Male,7.3,6.0,5,10.0,49,3,89.4,Low,Moderate
15,9,Female,6.1,5.8,1,5.0,32,4,88.6,Neutral,Low
16,11,Male,7.2,1.6,4,8.9,47,2,89.8,Low,Moderate
14,10,Male,5.8,2.9,2,7.9,45,1,88.6,Low,Moderate
14,10,Female,6.3,4.5,1,4.1,54,5,95.5,Neutral,Low
14,9,Male,6.5,4.5,3,9.4,39,3,88.7,Low,Moderate
14,11,Male,5.3,2.8,2,7.0,60,1,79.3,Low,Moderate
15,10,Male,7.4,5.7,1,5.5,56,4,97.8,Neutral,Low
15,8,Male,5.9,5.5,5,9.3,41,5,90.2,Low,Moderate
14,10,Male,6.2,4.7,3,10.0,37,4,84.5,Low,Moderate
16,8,Male,5.3,3.6,5,10.0,58,4,80.5,Low,Moderate
13,9,Female,3.4,6.9,1,3.7,25,5,90.4,Good,Low
13,8,Female,6.3,8.0,5,8.7,9,5,87.3,Low,Moderate
16,10,Male,9.0,4.1,1,10.0,9,4,97.4,Low,Low
14,10,Female,7.4,3.9,1,4.6,24,3,85.9,Neutral,Low
15,10,Female,6.5,5.9,5,10.0,53,5,83.0,Low,Moderate
13,9,Female,6.2,4.4,1,5.7,31,1,93.4,Neutral,Low
17,9,Male,6.5,4.7,2,7.4,44,2,93.6,Low,Moderate
17,11,Female,7.2,6.3,1,5.3,30,3,89.0,Neutral,Low
16,10,Male,5.1,1.6,4,10.0,30,5,92.1,Low,Moderate
14,8,Female,7.8,7.4,1,4.3,19,5,87.8,Neutral,Low
13,9,Male,7.4,5.1,4,6.3,38,3,89.4,Neutral,Low
14,10,Male,7.4,4.3,1,4.9,36,2,95.0,Neutral,Low
13,10,Female,7.0,4.8,1,4.7,48,4,91.8,Neutral,Low
16,9,Female,6.5,4.9,5,10.0,45,1,87.0,Low,Moderate
16,11,Male,7.3,1.9,2,4.6,36,5,96.1,Neutral,Low
17,9,Female,7.2,7.7,2,7.4,9,2,73.8,Low,Moderate
14,9,Female,6.1,5.1,3,10.0,61,1,100.0,Low,Moderate
17,8,Female,5.8,5.8,5,10.0,38,3,77.8,Low,High
14,8,Male,6.6,6.7,5,10.0,41,5,84.2,Low,Moderate
17,11,Male,8.4,3.2,2,6.9,72,4,87.8,Neutral,Low
15,10,Female,5.0,5.9,5,1.0,58,3,87.1,Good,Low
15,9,Female,4.7,4.5,2,5.4,48,5,94.0,Neutral,Low
15,11,Female,6.7,6.5,5,10.0,39,2,81.7,Low,Moderate
15,8,Male,6.6,1.2,1,7.9,39,1,89.6,Low,Moderate
13,9,Male,6.7,4.8,2,4.1,44,1,84.5,Neutral,Low
15,10,Female,6.8,3.9,2,10.0,48,5,89.8,Low,Moderate
16,8,Female,6.2,5.8,4,10.0,74,3,87.6,Low,Moderate
16,8,Female,8.3,5.8,5,4.9,89,4,88.6,Neutral,Low
13,8,Female,4.6,3.7,5,6.1,45,2,84.7,Neutral,Moderate
15,11,Female,5.5,3.7,2,6.7,0,5,84.9,Neutral,Low
15,10,Female,6.4,4.8,1,3.8,20,2,89.7,Good,Low
15,9,Male,4.5,3.4,1,7.1,76,1,93.7,Low,Moderate
17,11,Female,6.3,6.5,1,2.3,54,4,84.4,Good,Low
14,11,Male,8.5,4.3,5,10.0,48,2,82.8,Low,Moderate
17,11,Female,6.5,1.0,4,4.9,36,5,91.7,Neutral,Low
14,8,Female,6.8,4.3,2,6.6,16,4,87.8,Neutral,Low
15,10,Male,5.0,3.1,3,5.7,73,3,93.0,Neutral,Low
15,11,Male,5.8,2.1,4,7.9,23,5,82.6,Low,Moderate
17,9,Male,6.0,2.8,3,9.9,54,2,77.3,Low,Moderate
17,10,Male,6.1,5.2,4,10.0,13,4,84.8,Low,Moderate
14,9,Female,8.0,7.4,1,9.1,35,5,83.4,Low,Moderate
16,10,Male,7.2,5.6,5,10.0,59,4,87.5,Low,Moderate
14,9,Female,5.2,3.9,3,10.0,35,4,84.2,Low,Moderate
17,8,Male,6.8,5.8,4,1.0,32,4,92.4,Good,Low
17,11,Female,7.1,4.2,5,10.0,40,2,86.3,Low,Moderate
13,9,Female,7.9,3.7,3,7.4,13,5,88.9,Low,Low
17,10,Female,8.4,2.9,2,8.4,9,1,88.9,Low,Moderate
13,11,Female,5.3,1.8,4,8.0,54,1,89.2,Low,Moderate
16,11,Female,5.5,4.3,2,9.3,31,2,87.9,Low,Moderate
14,10,Female,5.0,5.3,1,5.5,54,2,91.1,Neutral,Moderate
14,9,Male,6.2,4.8,2,8.1,62,4,83.2,Low,Moderate
13,8,Female,7.1,4.3,2,4.6,63,5,96.4,Neutral,Low
14,8,Male,7.7,3.3,4,8.9,7,5,86.6,Low,Moderate
17,9,Male,6.4,6.1,1,5.0,26,3,80.1,Neutral,Moderate
15,11,Female,6.1,2.6,2,6.5,50,3,89.1,Neutral,Low
13,11,Male,6.7,6.4,5,10.0,51,1,82.9,Low,High
14,11,Female,5.5,3.2,3,8.5,84,3,92.0,Low,Moderate
13,11,Male,9.0,3.6,2,4.2,21,3,100.0,Neutral,Low
13,9,Female,4.6,2.4,1,4.6,63,1,83.3,Neutral,Moderate
15,11,Male,6.7,4.1,2,9.5,47,1,90.0,Low,Moderate
17,10,Female,8.9,6.8,3,8.0,7,3,77.5,Low,Moderate
13,11,Female,6.5,5.9,1,2.2,29,5,90.7,Good,Low
14,8,Female,6.3,6.8,4,6.1,45,3,82.7,Neutral,Moderate
16,11,Female,6.1,5.9,1,6.4,5,4,84.3,Neutral,Moderate
13,9,Male,6.3,3.0,4,10.0,0,4,81.4,Low,Moderate
13,8,Female,8.1,4.4,1,4.9,4,4,92.4,Neutral,Low
15,9,Male,3.8,3.6,3,9.5,45,2,94.0,Low,Moderate
17,9,Male,8.3,7.4,3,8.9,30,4,88.1,Low,Moderate
16,8,Male,4.8,2.8,1,2.2,27,5,82.8,Good,Low
14,9,Female,6.2,6.6,2,7.9,28,2,97.5,Low,Moderate
16,9,Male,6.0,6.6,3,10.0,11,2,83.5,Low,High
14,11,Male,7.2,8.3,4,10.0,30,4,75.0,Low,High
17,10,Male,4.6,4.3,4,10.0,3,3,90.8,Low,Moderate
14,9,Female,7.1,6.3,5,10.0,63,1,81.4,Low,Moderate
15,9,Female,8.9,9.1,4,10.0,73,3,93.9,Low,Moderate
15,9,Male,4.9,3.9,5,10.0,0,3,85.7,Low,Moderate
15,11,Female,6.7,2.2,1,7.1,30,2,91.6,Low,Low
15,10,Female,5.7,1.6,1,5.5,31,2,96.4,Neutral,Low
16,8,Male,7.0,6.3,1,3.4,36,2,80.7,Good,Low
17,11,Male,6.5,1.6,2,4.3,60,5,84.6,Neutral,Low
14,11,Female,5.7,4.3,2,10.0,30,5,87.5,Low,Moderate
14,10,Male,7.1,5.8,5,10.0,38,1,97.2,Low,Moderate
15,10,Female,8.7,5.3,4,7.7,99,2,84.0,Low,Moderate
15,11,Female,6.3,5.8,4,8.6,37,4,84.4,Low,Moderate
13,8,Female,7.4,5.4,1,5.6,75,2,90.9,Neutral,Low
17,11,Female,4.9,7.3,3,10.0,50,5,84.5,Low,Moderate
16,10,Female,5.4,3.3,2,7.8,28,2,88.9,Low,Moderate
14,8,Female,7.1,3.8,2,10.0,25,5,78.7,Low,Moderate
13,10,Male,8.3,3.6,1,1.8,39,2,100.0,Good,Low
13,8,Male,6.9,6.5,2,4.7,17,4,79.9,Neutral,Low
14,9,Female,6.1,6.6,1,6.2,22,1,86.1,Neutral,Moderate
16,10,Female,6.5,5.8,5,10.0,31,4,87.8,Low,Moderate
13,10,Female,5.0,7.1,4,9.0,45,5,99.5,Low,Moderate
13,11,Male,7.2,2.9,3,8.7,76,3,80.1,Low,Moderate
17,10,Female,7.6,8.0,4,10.0,30,4,99.9,Low,Moderate
16,10,Male,6.0,7.7,4,9.7,49,2,92.5,Low,Moderate
13,9,Female,5.9,6.3,5,10.0,7,1,90.5,Low,Moderate
16,10,Female,6.8,8.2,2,10.0,61,2,82.1,Low,High
14,9,Male,6.0,2.0,3,4.7,5,2,91.4,Neutral,Low
15,9,Male,6.4,4.1,2,7.7,55,4,83.7,Low,Moderate
13,9,Female,9.0,3.7,4,7.5,38,1,95.6,Low,Low
17,9,Female,6.2,6.3,1,6.3,37,3,82.2,Neutral,Moderate
14,8,Female,6.1,3.1,4,8.8,33,2,87.3,Low,Moderate
16,11,Male,5.7,6.4,2,9.8,13,1,84.7,Low,High
14,8,Male,7.4,7.5,4,6.3,15,3,82.1,Neutral,Moderate
13,10,Male,6.3,6.3,1,1.0,56,2,92.4,Good,Low
16,8,Male,5.7,5.5,5,6.4,40,1,91.2,Neutral,Moderate
15,8,Male,8.1,3.2,2,5.5,33,4,95.3,Neutral,Low
14,10,Male,8.2,3.5,4,4.4,48,2,77.3,Neutral,Low
13,10,Female,5.8,7.2,2,4.6,42,2,94.4,Neutral,Low
17,10,Female,4.3,6.4,5,9.0,24,1,100.0,Low,Moderate
16,8,Male,7.7,4.9,4,10.0,89,2,85.3,Low,Moderate
14,8,Female,5.7,4.2,4,9.1,54,3,99.4,Low,Moderate
14,10,Female,7.4,1.4,2,8.7,42,2,86.4,Low,Moderate
15,11,Male,4.1,3.1,2,10.0,29,5,79.8,Low,Moderate
15,11,Female,7.6,8.4,1,6.2,59,3,86.2,Neutral,Moderate
17,9,Male,5.0,2.7,5,10.0,24,1,94.3,Low,Moderate
17,10,Male,7.4,5.3,1,3.2,22,3,83.0,Good,Low
13,9,Female,6.5,6.8,4,10.0,73,5,84.4,Low,Moderate
13,11,Male,5.4,2.7,2,3.0,40,5,91.6,Good,Low
17,9,Male,6.0,5.3,4,8.0,24,2,88.0,Low,Moderate
17,10,Male,7.3,6.7,4,10.0,40,2,91.5,Low,Moderate
16,10,Male,6.6,5.0,3,10.0,57,4,89.4,Low,Moderate
15,10,Male,7.2,10.0,3,10.0,52,3,90.9,Low,Moderate
13,8,Male,8.9,2.0,4,9.8,59,4,85.4,Low,Low
15,9,Male,4.6,6.9,2,4.4,15,5,89.4,Neutral,Low
15,11,Male,8.4,4.7,4,10.0,58,2,82.4,Low,Moderate
17,11,Female,6.6,6.4,3,5.6,36,2,95.7,Neutral,Low
16,11,Female,5.4,5.8,2,6.5,41,2,84.2,Neutral,Moderate
14,8,Female,4.9,3.7,4,10.0,64,1,94.8,Low,Moderate
16,8,Male,6.3,5.4,5,10.0,54,5,86.6,Low,Moderate
16,10,Male,7.6,1.7,5,10.0,47,2,89.2,Low,Moderate
15,11,Female,6.3,6.1,4,7.4,0,5,85.0,Low,Moderate
16,8,Female,8.3,5.5,2,5.3,39,2,81.9,Neutral,Low
13,10,Female,4.8,6.1,4,9.4,24,3,77.5,Low,High
15,11,Male,6.5,6.9,4,10.0,54,5,81.7,Low,Moderate
13,9,Female,5.0,5.7,3,10.0,59,4,86.1,Low,Moderate
14,10,Female,6.9,5.3,5,10.0,33,1,89.3,Low,Moderate
15,8,Male,7.6,3.4,3,8.7,26,4,94.1,Low,Low
14,8,Female,6.0,3.7,3,6.4,71,5,85.3,Neutral,Low
15,10,Male,3.4,7.1,4,10.0,27,2,82.7,Low,High
17,10,Male,6.7,7.6,3,9.0,16,5,79.3,Low,Moderate
16,8,Male,7.0,4.6,5,10.0,23,1,90.9,Low,Moderate
17,9,Female,7.0,5.1,3,7.3,28,5,96.3,Low,Low
14,11,Female,8.0,3.4,5,10.0,22,2,95.6,Low,Moderate
16,9,Male,5.2,7.1,3,6.6,56,4,92.3,Neutral,Moderate
15,10,Female,7.3,6.2,5,8.2,0,3,91.8,Low,Moderate
16,9,Female,7.9,8.5,3,7.1,22,4,98.2,Low,Low
13,8,Female,4.4,3.4,3,10.0,39,2,90.0,Low,Moderate
16,10,Female,6.9,4.3,2,5.9,44,2,91.9,Neutral,Low
13,11,Male,5.9,5.4,5,8.3,73,1,86.1,Low,Moderate
16,8,Female,6.4,6.2,5,10.0,70,5,79.8,Low,Moderate
13,8,Male,6.9,4.6,5,7.2,7,5,83.9,Low,Low
14,11,Male,5.9,3.4,1,2.2,1,4,87.9,Good,Low
17,11,Female,5.7,6.6,3,6.1,40,3,88.4,Neutral,Moderate
15,9,Male,6.5,6.3,5,10.0,26,3,99.6,Low,Moderate
16,10,Female,5.2,3.4,1,3.1,16,1,88.5,Good,Low
17,11,Female,5.2,7.4,2,10.0,40,2,95.1,Low,Moderate
15,11,Male,7.3,7.1,5,9.9,44,1,85.4,Low,Moderate
15,10,Male,5.1,5.2,5,10.0,23,5,86.1,Low,Moderate
13,11,Male,7.3,5.1,1,4.1,27,2,80.0,Neutral,Low
14,11,Male,7.1,6.0,3,9.9,24,1,83.5,Low,Moderate
14,9,Female,4.4,3.4,2,6.7,31,4,91.2,Neutral,Moderate
17,8,Female,5.7,5.1,5,4.0,50,5,88.0,Good,Low
14,8,Female,7.9,1.1,3,10.0,18,3,93.7,Low,Moderate
16,8,Male,5.3,6.6,2,8.7,27,1,89.1,Low,Moderate
14,8,Male,5.9,2.2,4,9.1,32,5,85.9,Low,Moderate
17,11,Male,7.1,7.7,4,8.1,39,5,100.0,Low,Low
14,10,Female,7.4,4.4,2,8.4,45,3,87.4,Low,Moderate
16,10,Male,6.2,4.6,1,8.8,80,3,95.0,Low,Moderate
13,9,Female,5.8,3.9,2,8.7,51,3,85.6,Low,Moderate
17,9,Male,8.2,4.5,2,6.0,51,1,92.3,Neutral,Low
13,11,Female,8.6,7.6,1,4.9,34,3,93.6,Neutral,Low
13,10,Female,7.7,1.0,1,5.2,20,4,89.3,Neutral,Low
13,10,Male,6.6,7.3,3,10.0,29,5,73.9,Low,Moderate
15,8,Male,5.5,5.6,3,8.5,25,3,88.1,Low,Moderate
15,11,Female,5.5,2.8,1,4.5,47,5,95.4,Neutral,Low
13,11,Female,7.1,3.1,4,10.0,6,2,91.2,Low,Moderate
17,8,Male,7.0,8.0,4,10.0,51,2,90.7,Low,Moderate
16,11,Male,8.2,3.3,2,9.7,37,3,77.7,Low,Moderate
16,11,Female,7.3,2.9,5,10.0,54,5,83.7,Low,Moderate
14,9,Male,4.7,7.0,2,4.6,25,2,90.5,Neutral,Moderate
17,10,Female,7.8,5.6,2,6.0,21,3,90.5,Neutral,Low
15,11,Female,5.3,3.3,5,8.2,31,5,95.3,Low,Low
13,9,Male,6.0,5.4,1,9.3,31,3,87.1,Low,Moderate
14,10,Male,6.8,3.2,4,10.0,56,5,90.4,Low,Moderate
16,8,Male,8.9,7.0,2,9.2,55,2,88.1,Low,Moderate
15,9,Male,9.0,6.9,5,10.0,78,3,82.1,Low,Moderate
15,9,Male,7.2,6.0,3,10.0,30,2,74.5,Low,High
13,10,Female,6.3,5.7,2,10.0,0,3,90.6,Low,Moderate
16,8,Female,7.1,8.2,4,10.0,31,1,89.0,Low,Moderate
17,9,Male,7.6,5.0,1,5.8,44,2,84.3,Neutral,Low
15,11,Male,6.1,2.9,2,6.2,54,2,78.3,Neutral,Moderate
13,11,Male,8.7,5.8,2,7.0,46,4,91.8,Neutral,Low
17,11,Female,6.8,8.8,5,10.0,30,2,86.4,Low,High
16,8,Male,7.1,3.2,3,8.4,74,5,91.3,Low,Low
15,9,Male,7.3,4.3,3,10.0,19,3,99.2,Low,Moderate
17,11,Female,7.0,5.7,1,4.5,34,1,75.2,Neutral,Moderate
17,8,Female,7.5,4.9,4,8.0,18,5,83.8,Low,Moderate
17,11,Male,5.8,3.2,1,7.0,40,5,86.7,Low,Low
15,10,Male,5.8,7.0,2,8.9,71,5,96.7,Low,Moderate
15,9,Male,5.2,9.2,2,6.3,37,5,78.2,Neutral,Moderate
14,9,Female,7.0,5.4,3,4.1,37,1,99.6,Neutral,Low
16,8,Male,7.4,3.4,4,10.0,6,4,88.8,Low,Moderate
13,8,Male,7.0,2.2,5,10.0,34,2,87.4,Low,Moderate
17,9,Male,8.5,5.5,4,8.7,63,5,86.8,Low,Low
14,11,Female,6.5,7.0,2,8.8,34,2,85.4,Low,Moderate
13,11,Female,7.3,5.9,5,10.0,33,2,94.3,Low,Moderate
14,10,Male,5.2,5.0,4,10.0,62,5,81.6,Low,Moderate
15,11,Male,6.0,3.9,4,10.0,33,4,90.1,Low,Moderate
17,8,Female,7.3,3.0,5,10.0,65,2,85.7,Low,Moderate
13,8,Female,7.5,6.5,2,6.6,14,3,83.4,Neutral,Moderate
13,11,Female,6.1,6.6,4,10.0,53,2,100.0,Low,Moderate
13,8,Female,6.4,2.2,5,10.0,72,5,90.5,Low,Moderate
13,9,Female,4.7,7.9,2,5.8,60,1,91.7,Neutral,Moderate
13,9,Female,6.1,6.0,5,10.0,2,2,94.8,Low,Moderate
14,11,Female,7.6,7.5,5,10.0,27,4,79.5,Low,Moderate
17,9,Female,7.2,2.6,4,10.0,35,3,98.5,Low,Moderate
15,9,Female,7.1,2.5,2,8.7,60,3,72.9,Low,Moderate
15,10,Male,6.6,4.7,4,10.0,13,1,83.4,Low,Moderate
15,10,Male,6.5,5.9,1,4.5,19,1,85.2,Neutral,Moderate
15,9,Male,5.7,8.2,1,5.2,7,2,91.5,Neutral,Moderate
14,11,Female,7.3,6.3,2,6.5,23,5,89.3,Neutral,Low
16,10,Male,7.0,4.6,5,10.0,14,4,87.0,Low,Moderate
17,8,Female,7.1,3.2,4,10.0,71,3,87.9,Low,Moderate
13,8,Female,5.9,7.2,4,9.1,27,1,82.1,Low,High
16,8,Male,3.9,3.3,2,6.9,53,4,79.0,Neutral,Moderate
15,11,Female,7.8,7.9,2,6.1,40,5,92.4,Neutral,Low
16,9,Male,5.9,4.5,1,4.9,40,3,92.2,Neutral,Low
17,8,Male,5.5,7.9,3,1.0,28,3,97.5,Good,Low
13,11,Male,7.3,6.2,2,6.8,55,5,83.3,Neutral,Low
13,10,Female,6.0,4.8,3,10.0,43,3,92.2,Low,Moderate
17,9,Male,7.8,4.1,2,5.2,41,5,86.3,Neutral,Low
17,10,Female,7.2,4.4,5,10.0,28,3,95.1,Low,Moderate
15,11,Male,7.3,5.8,5,10.0,31,2,94.1,Low,Moderate
13,8,Male,4.9,5.1,1,1.6,51,5,89.3,Good,Low
16,8,Male,8.0,3.9,1,3.3,44,4,86.0,Good,Low
14,11,Female,6.8,4.7,3,10.0,42,2,93.8,Low,Moderate
14,8,Female,6.1,5.1,2,10.0,24,4,91.9,Low,Moderate
17,9,Female,6.7,1.2,4,10.0,78,3,83.9,Low,Moderate
15,11,Male,4.4,5.8,1,5.0,30,4,80.0,Neutral,Moderate
14,10,Male,7.0,3.2,4,9.1,39,2,86.3,Low,Moderate
13,11,Female,5.3,2.9,4,10.0,36,5,97.1,Low,Moderate
17,9,Female,4.9,2.0,2,5.6,79,1,94.9,Neutral,Low
16,9,Female,4.7,1.8,3,10.0,34,4,81.3,Low,Moderate
17,11,Female,7.8,2.6,2,6.7,32,1,81.0,Neutral,Moderate
16,11,Female,5.7,3.7,1,4.6,42,4,95.6,Neutral,Low
17,8,Female,8.3,8.5,4,10.0,26,4,81.2,Low,Moderate
17,9,Male,5.9,4.1,2,10.0,42,5,91.1,Low,Moderate
17,11,Female,4.5,5.3,2,8.8,87,3,84.3,Low,Moderate
16,11,Male,5.2,5.7,2,3.7,45,2,97.7,Good,Low
16,9,Male,8.0,5.2,1,6.5,45,2,83.4,Neutral,Moderate
17,11,Female,6.3,4.9,3,5.9,25,2,94.9,Neutral,Low
14,8,Female,5.8,2.8,2,1.6,74,3,89.1,Good,Low
15,9,Male,6.7,7.6,1,3.1,78,1,89.5,Good,Low
15,8,Female,7.1,8.3,4,10.0,57,2,76.2,Low,High
15,8,Female,7.8,2.0,5,3.6,53,1,74.8,Good,Low
16,8,Male,8.2,3.2,1,4.2,35,3,86.7,Neutral,Low
16,8,Male,6.1,4.5,5,10.0,47,3,89.5,Low,Moderate
14,9,Male,4.9,3.3,2,7.6,23,5,81.2,Low,Moderate
15,8,Female,6.0,5.9,2,5.0,17,2,81.5,Neutral,Moderate
15,8,Male,6.8,3.7,1,4.3,10,5,91.4,Neutral,Low
17,11,Female,5.3,8.9,5,9.3,48,2,91.4,Low,Moderate
16,9,Male,5.4,7.1,2,8.6,12,3,87.2,Low,Moderate
15,9,Male,6.9,5.4,4,10.0,30,3,92.7,Low,Moderate
14,10,Male,6.4,6.8,3,10.0,38,4,81.0,Low,Moderate
14,9,Female,6.5,7.0,3,9.6,59,4,85.9,Low,Moderate
15,9,Female,5.6,4.0,2,8.8,28,3,97.9,Low,Moderate
16,10,Male,6.2,3.5,5,10.0,62,3,88.4,Low,Moderate
14,9,Male,5.4,5.1,2,9.0,58,1,88.8,Low,Moderate
17,9,Male,7.6,6.6,5,10.0,18,1,100.0,Low,Moderate
14,9,Female,7.7,5.3,4,10.0,62,5,79.6,Low,Moderate
13,9,Male,4.3,2.2,5,10.0,34,4,92.8,Low,Moderate
13,10,Female,5.4,3.6,2,6.6,30,4,98.0,Neutral,Low
16,9,Male,4.7,4.9,4,10.0,34,3,86.1,Low,Moderate
15,9,Male,5.7,4.9,1,5.3,39,3,93.2,Neutral,Low
